categorie;sous_categorie;nom;description;prix;variante;prix_variante;actif;ordre_affichage;reference;poste_preparation;suivi_stock;motif_attente
Boissons — Softs & énergétiques;;Soda / Sprite / Orange / 7Up;;1000;;;oui;1;DREAM-001;bar;non;
Boissons — Softs & énergétiques;;Red Bull;;2000;;;oui;2;DREAM-002;bar;non;
Boissons — Softs & énergétiques;;Tequila;;2000;;;oui;3;DREAM-003;bar;non;
Boissons — Softs & énergétiques;;Eau cristalline et Perrier;;1500;;;oui;4;DREAM-004;bar;non;
Boissons — Softs & énergétiques;;Mayo GM;;1000;;;oui;5;DREAM-005;bar;non;
Boissons — Softs & énergétiques;;Mayo PM;;500;;;oui;6;DREAM-006;bar;non;
Boissons — Bières importées;;Corona;;2000;;;oui;7;DREAM-007;bar;non;
Boissons — Bières importées;;Savana;;2000;;;oui;8;DREAM-008;bar;non;
Boissons — Bières importées;;Tequila;;2000;;;oui;9;DREAM-009;bar;non;
Boissons — Bières importées;;Leffe;;2000;;;oui;10;DREAM-010;bar;non;
Boissons — Bières locales;;Sur la terrasse;;1000;;;oui;11;DREAM-011;bar;non;
Boissons — Bières locales;;Dans le VIP;;1500;;;oui;12;DREAM-012;bar;non;
Boissons — Bières locales;;Seau Castel PM;;7000;;;oui;13;DREAM-013;bar;non;
Boissons — Bières locales;;Seau Cuca;;7000;;;oui;14;DREAM-014;bar;non;
Boissons — Bières locales;;Seau Class;;7500;;;oui;15;DREAM-015;bar;non;
Cocktails — Sans alcool;;Pina Colada;;5000;;;oui;16;DREAM-016;bar;non;
Cocktails — Sans alcool;;Mojito;;5000;;;oui;17;DREAM-017;bar;non;
Cocktails — Sans alcool;;Blue Lagoon;;5000;;;oui;18;DREAM-018;bar;non;
Cocktails — Sans alcool;;Rainbow;;5000;;;oui;19;DREAM-019;bar;non;
Cocktails — Sans alcool;;Fruits Punch;;5000;;;oui;20;DREAM-020;bar;non;
Cocktails — Sans alcool;;Malinas;;5000;;;oui;21;DREAM-021;bar;non;
Cocktails — Sans alcool;;Lait chaud chocolaté;;6000;;;oui;22;DREAM-022;bar;non;
Cocktails — Sans alcool;;Chocolat chaud signature;;5000;;;oui;23;DREAM-023;bar;non;
Cocktails — Alcoolisés;;Irish Coffee;;6000;;;oui;24;DREAM-024;bar;non;
Cocktails — Alcoolisés;;Espresso Martini;;7000;;;oui;25;DREAM-025;bar;non;
Cocktails — Alcoolisés;;Spritz;;6000;;;oui;26;DREAM-026;bar;non;
Cocktails — Alcoolisés;;Double Choc;;6500;;;oui;27;DREAM-027;bar;non;
Cocktails — Alcoolisés;;Long Island;;3500;;;oui;28;DREAM-028;bar;non;
Cocktails — Alcoolisés;;Caipirina;;6500;;;oui;29;DREAM-029;bar;non;
Cocktails — Alcoolisés;;Margarita;;6000;;;oui;30;DREAM-030;bar;non;
Cocktails — Alcoolisés;;Cuba Libre;;6000;;;oui;31;DREAM-031;bar;non;
Cocktails — Alcoolisés;;Mojito;;6500;;;oui;32;DREAM-032;bar;non;
Cocktails — Alcoolisés;;Nicky;;6000;;;oui;33;DREAM-033;bar;non;
Cocktails — Création maison;;Création du barman;;7500;;;oui;34;DREAM-034;bar;non;
Vins — Champagne;;Nicolas Feuillatte;;60000;;;oui;35;DREAM-035;bar;non;
Vins — Champagne;;Moët & Chandon Brut;;65000;;;oui;36;DREAM-036;bar;non;
Vins — Champagne;;Moët & Chandon Ice;;75000;;;oui;37;DREAM-037;bar;non;
Vins — Champagne;;Ruinart Blanc;;90000;;;oui;38;DREAM-038;bar;non;
Vins — Champagne;;Ruinart Brut;;80000;;;oui;39;DREAM-039;bar;non;
Vins — Champagne;;Trouillard;;50000;;;oui;40;DREAM-040;bar;non;
Vins — Bordeaux;;Louis Eschenauer;;18000;;;oui;41;DREAM-041;bar;non;
Vins — Bordeaux;;Cabernet Sauvignon;;13000;;;oui;42;DREAM-042;bar;non;
Vins — Bordeaux;;La Fille Côte du Rhône;;20000;;;oui;43;DREAM-043;bar;non;
Vins — Bordeaux;;Mouton Cadet;;25000;;;oui;44;DREAM-044;bar;non;
Vins — Bordeaux;;Villa des Causses;;5000;Tarif 1;5000;oui;45;DREAM-045;bar;non;
Vins — Bordeaux;;Villa des Causses;;18000;Tarif 2;18000;oui;46;DREAM-046;bar;non;
Vins — Bordeaux;;Villa des Causses Malbec;;5000;Tarif 1;5000;oui;47;DREAM-047;bar;non;
Vins — Bordeaux;;Villa des Causses Malbec;;18000;Tarif 2;18000;oui;48;DREAM-048;bar;non;
Vins — Bordeaux;;Château Rodet;;3500;Tarif 1;3500;oui;49;DREAM-049;bar;non;
Vins — Bordeaux;;Château Rodet;;15000;Tarif 2;15000;oui;50;DREAM-050;bar;non;
Vins — Bordeaux;;Baron de Luze;;5000;Tarif 1;5000;oui;51;DREAM-051;bar;non;
Vins — Bordeaux;;Baron de Luze;;15000;Tarif 2;15000;oui;52;DREAM-052;bar;non;
Vins — Grands crus;;Château Seguinau;;18000;;;oui;53;DREAM-053;bar;non;
Vins — Grands crus;;Roc de Villerpeux;;18000;;;oui;54;DREAM-054;bar;non;
Vins — Grands crus;;Bordeaux Supérieur Eschenauer;;25000;;;oui;55;DREAM-055;bar;non;
Vins — Grands crus;;Château Petit Bois;;25000;;;oui;56;DREAM-056;bar;non;
Vins — Grands crus;;Mouton Cadet Saint-Émilion;;28000;;;oui;57;DREAM-057;bar;non;
Vins — Grands crus;;Mouton Cadet Médoc;;28000;;;oui;58;DREAM-058;bar;non;
Vins — Autres;;California 770 Miles;;20000;;;oui;59;DREAM-059;bar;non;
Vins — Autres;;Cavalo Branco PM;;3500;;;oui;60;DREAM-060;bar;non;
Vins — Blancs;;Blanc Sec;;15000;;;oui;61;DREAM-061;bar;non;
Vins — Blancs;;Villa Plage Blanche;;15000;;;oui;62;DREAM-062;bar;non;
Vins — Blancs;;Sancerre;;25000;;;oui;63;DREAM-063;bar;non;
Vins — Blancs;;Mouton Cadet Sauvignon;;25000;;;oui;64;DREAM-064;bar;non;
Vins — Moelleux;;Muscal Eschenauer;;4000;Tarif 1;4000;oui;65;DREAM-065;bar;non;
Vins — Moelleux;;Muscal Eschenauer;;18000;Tarif 2;18000;oui;66;DREAM-066;bar;non;
Vins — Moelleux;;Chambre d'Amour;;5000;Tarif 1;5000;oui;67;DREAM-067;bar;non;
Vins — Moelleux;;Chambre d'Amour;;20000;Tarif 2;20000;oui;68;DREAM-068;bar;non;
Vins — Moelleux;;Bordeaux Moelleux;;5000;Tarif 1;5000;oui;69;DREAM-069;bar;non;
Vins — Moelleux;;Bordeaux Moelleux;;12000;Tarif 2;12000;oui;70;DREAM-070;bar;non;
Vins — Moelleux;;Saint Anac.;;15000;;;oui;71;DREAM-071;bar;non;
Vins — Rosés;;Cabernet d'Anjou;;15000;;;oui;72;DREAM-072;bar;non;
Vins — Rosés;;Rose d'Anjou;;15000;;;oui;73;DREAM-073;bar;non;
Vins — Rosés;;Cinsault Rosé;;4000;Tarif 1;4000;oui;74;DREAM-074;bar;non;
Vins — Rosés;;Cinsault Rosé;;15000;Tarif 2;15000;oui;75;DREAM-075;bar;non;
Vins — Rosés;;Chambre d'Amour;;7000;Tarif 1;7000;oui;76;DREAM-076;bar;non;
Vins — Rosés;;Chambre d'Amour;;25000;Tarif 2;25000;oui;77;DREAM-077;bar;non;
Vins — Rosés;;Rhode;;10000;;;oui;78;DREAM-078;bar;non;
Spiritueux;;Cruz Porto Tawny;;25000;;;oui;79;DREAM-079;bar;non;
Spiritueux;;Camino Real Tequila Blanco;;25000;;;oui;80;DREAM-080;bar;non;
Spiritueux;;Absolu Vodka;;20000;;;oui;81;DREAM-081;bar;non;
Spiritueux;;Cointrau;;30000;;;oui;82;DREAM-082;bar;non;
Spiritueux;;Jagermeister;;20000;;;oui;83;DREAM-083;bar;non;
Spiritueux;;Amarula;;30000;;;oui;84;DREAM-084;bar;non;
Spiritueux;;Baileys;;30000;;;oui;85;DREAM-085;bar;non;
Spiritueux;;Porto Cruz Blanc;;25000;;;oui;86;DREAM-086;bar;non;
Spiritueux;;Saint James Rhum Blanc;;25000;;;oui;87;DREAM-087;bar;non;
Spiritueux;;Jameson Black Barrel;;40000;;;oui;88;DREAM-088;bar;non;
Spiritueux;;Martini Rosso;;25000;;;oui;89;DREAM-089;bar;non;
Spiritueux;;Glenfiddich;;35000;;;oui;90;DREAM-090;bar;non;
Spiritueux;;Chivas 18 ans;;45000;;;oui;91;DREAM-091;bar;non;
Spiritueux;;Hendrick's Gin;;30000;;;oui;92;DREAM-092;bar;non;
Spiritueux;;Chivas XV;;60000;;;oui;93;DREAM-093;bar;non;
Spiritueux;;Prosecco;;25000;;;oui;94;DREAM-094;bar;non;
Spiritueux;;Johnnie Walker Gold Label;;45000;;;oui;95;DREAM-095;bar;non;
Spiritueux;;Jameson;;25000;;;oui;96;DREAM-096;bar;non;
Spiritueux;;Glenfiddich 12 ans;;35000;;;oui;97;DREAM-097;bar;non;
Spiritueux;;Johnnie Walker Red Label;;25000;;;oui;98;DREAM-098;bar;non;
Spiritueux;;VAT 69;;25000;;;oui;99;DREAM-099;bar;non;
Spiritueux;;J&B Rare;;25000;;;oui;100;DREAM-100;bar;non;
Boissons — Spécial;;Vin Baron de Luze + fruits;;7000;;;oui;101;DREAM-101;bar;non;
Boissons — Jus de fruits;;Happy Day;;5000;;;oui;102;DREAM-102;bar;non;
Boissons — Traditionnelles;;Sodabi;Boisson béninoise;;;;non;103;DREAM-103;bar;non;Prix non fourni
Boissons — Traditionnelles;;Vin de palme spécial Sud;;;;;non;104;DREAM-104;bar;non;Prix non fourni
Boissons — Traditionnelles;;Tcham spécial Nord;;;;;non;105;DREAM-105;bar;non;Prix non fourni
Boissons chaudes — Café;;Café noir;;1000;;;oui;106;DREAM-106;cuisine;non;
Boissons chaudes — Café;;Café expresso;;1000;;;oui;107;DREAM-107;cuisine;non;
Boissons chaudes — Café;;Café allongé;;1200;;;oui;108;DREAM-108;cuisine;non;
Boissons chaudes — Café;;Café au lait;;1500;;;oui;109;DREAM-109;cuisine;non;
Boissons chaudes — Café;;Cappuccino;;2000;;;oui;110;DREAM-110;cuisine;non;
Boissons chaudes — Café;;Café viennois;;2500;;;oui;111;DREAM-111;cuisine;non;
Boissons chaudes — Chocolat;;Chocolat chaud simple;;1500;;;oui;112;DREAM-112;cuisine;non;
Boissons chaudes — Chocolat;;Chocolat chaud au lait;;2000;;;oui;113;DREAM-113;cuisine;non;
Boissons chaudes — Chocolat;;Chocolat chaud gourmand;;2500;;;oui;114;DREAM-114;cuisine;non;
Boissons chaudes — Thé & infusion;;Thé nature (noir/vert);;1000;;;oui;115;DREAM-115;cuisine;non;
Boissons chaudes — Thé & infusion;;Thé citron;;1200;;;oui;116;DREAM-116;cuisine;non;
Boissons chaudes — Thé & infusion;;Thé à la menthe;;1200;;;oui;117;DREAM-117;cuisine;non;
Boissons chaudes — Thé & infusion;;Infusion gingembre;;1500;;;oui;118;DREAM-118;cuisine;non;
Boissons chaudes — Thé & infusion;;Infusion citron, gingembre, miel;;2000;;;oui;119;DREAM-119;cuisine;non;
Cuisine — Légumes;;Légumes verts;;1500;;;oui;120;DREAM-120;cuisine;non;
Cuisine — Légumes;;Oseille;;1000;;;oui;121;DREAM-121;cuisine;non;
Cuisine — Légumes;;Saka Saka;;2000;;;oui;122;DREAM-122;cuisine;non;
Cuisine — Légumes;;Safou;;1000;;;oui;123;DREAM-123;cuisine;non;
Cuisine — Légumes;;Haricot;;1500;;;oui;124;DREAM-124;cuisine;non;
Cuisine — Légumes;;Ratatouilles;;2500;;;oui;125;DREAM-125;cuisine;non;
Cuisine — Légumes;;Aubergines;;1000;;;oui;126;DREAM-126;cuisine;non;
Cuisine — Viandes de chasse;;Antilope rouge;En bouillon ou sauté selon votre choix.;3500;;;oui;127;DREAM-127;cuisine;non;
Cuisine — Viandes de chasse;;Tortue;En bouillon ou sauté selon votre choix.;3500;;;oui;128;DREAM-128;cuisine;non;
Cuisine — Planches;;Planche familiale — 3 à 4 personnes;Poulet entier sauté ou grillé, côte de porc ou bœuf, poisson entier, saucisses, fruits de mer, 2 accompagnements au choix.;15000;;;oui;129;DREAM-129;cuisine;non;
Cuisine — Planches;;Planche Premium;Poulet + viande + poisson + fruits de mer, saucisses grillées, queue de bœuf ou viande selon disponibilité, 3 accompagnements au choix.;20000;;;oui;130;DREAM-130;cuisine;non;
Cuisine — Sauces arachides;;Bikini;Sauce d'arachide traditionnelle riche et onctueuse.;2500;;;oui;131;DREAM-131;cuisine;non;
Cuisine — Sauces arachides;;Mokalu;Sauce d'arachide bien épicée servie avec viande ou poisson.;3500;;;oui;132;DREAM-132;cuisine;non;
Cuisine — Sauces arachides;;Poisson salé en sauce arachide;;3500;;;oui;133;DREAM-133;cuisine;non;
Cuisine — Sauces arachides;;Poisson fumé en sauce arachide;;3000;;;oui;134;DREAM-134;cuisine;non;
Cuisine — Sauces arachides;;Côte fumée en sauce arachide;;3500;;;oui;135;DREAM-135;cuisine;non;
Cuisine — Sauces arachides;;Aile de poulet fumé en sauce arachide;;3000;;;oui;136;DREAM-136;cuisine;non;
Cuisine — Sauces arachides;;Viande de bœuf en sauce arachide;;3500;;;oui;137;DREAM-137;cuisine;non;
Cuisine — Sauces arachides;;Queue de bœuf sauce arachide;;4000;;;oui;138;DREAM-138;cuisine;non;
Cuisine — Sauces Mwambé;;Mwambé poulet fumé;;4000;;;oui;139;DREAM-139;cuisine;non;
Cuisine — Sauces Mwambé;;Mwambé ailes fumées;;3000;;;oui;140;DREAM-140;cuisine;non;
Cuisine — Sauces Mwambé;;Mwambé côtes fumées;;3000;;;oui;141;DREAM-141;cuisine;non;
Cuisine — Sauces Mwambé;;Mwambé Tortue;;6000;;;oui;142;DREAM-142;cuisine;non;
Cuisine — Sauces Mwambé;;Mwambé Ngoki;;6000;;;oui;143;DREAM-143;cuisine;non;
Cuisine — Sauces Mwambé;;Mwambé Bikini;;3000;;;oui;144;DREAM-144;cuisine;non;
Cuisine — Bouillons sauvages;;Bouillon sauvage Pointe-Noire;Poisson fumé, coco ou légume au choix.;2500;;;oui;145;DREAM-145;cuisine;non;
Cuisine — Bouillons sauvages;;Bouillon sauvage Bazzaville;Mokalu fumé, coco ou légume au choix.;3500;;;oui;146;DREAM-146;cuisine;non;
Cuisine — Bouillons sauvages;;Bouillon viande de bœuf;;3000;;;oui;147;DREAM-147;cuisine;non;
Cuisine — Bouillons sauvages;;Bouillon de queue de bœuf;;3000;;;oui;148;DREAM-148;cuisine;non;
Cuisine — Bouillons sauvages;;Bouillon de fruits de mer;;3500;;;oui;149;DREAM-149;cuisine;non;
Cuisine — Fruits de mer;;Crabes frais;;3500;;;oui;150;DREAM-150;cuisine;non;
Cuisine — Fruits de mer;;Crevettes sautées ou en sauce;;3000;;;oui;151;DREAM-151;cuisine;non;
Cuisine — Fruits de mer;;Langoustes grillées ou en sauce;;5000;;;oui;152;DREAM-152;cuisine;non;
Cuisine — Fruits de mer;;Gambas grillées ou sautées;;4000;;;oui;153;DREAM-153;cuisine;non;
Cuisine — Bouillons de poisson;;Poisson Bar;;3000;;;oui;154;DREAM-154;cuisine;non;
Cuisine — Bouillons de poisson;;Poisson Capitaine;;3000;;;oui;155;DREAM-155;cuisine;non;
Cuisine — Bouillons de poisson;;Tchiendo;;3000;;;oui;156;DREAM-156;cuisine;non;
Cuisine — Volailles;;Ailes de poulet sauté;;2000;;;oui;157;DREAM-157;cuisine;non;
Cuisine — Volailles;;Ailes de poulet braisé;;2500;;;oui;158;DREAM-158;cuisine;non;
Cuisine — Volailles;;Ailes de poulet pâte d'arachide;;3000;;;oui;159;DREAM-159;cuisine;non;
Cuisine — Volailles;;Cuisse de poulet sauté;;2000;;;oui;160;DREAM-160;cuisine;non;
Cuisine — Volailles;;Cuisse de poulet braisé;;2500;;;oui;161;DREAM-161;cuisine;non;
Cuisine — Volailles;;Cuisse de poulet sauce d'arachide;;3000;;;oui;162;DREAM-162;cuisine;non;
Cuisine — Volailles;;Cuisse de poulet sauté à la mayonnaise;;3000;;;oui;163;DREAM-163;cuisine;non;
Cuisine — Volailles;;Poulet dur sauté;;4000;;;oui;164;DREAM-164;cuisine;non;
Cuisine — Volailles;;Poulet dur braisé;;4500;;;oui;165;DREAM-165;cuisine;non;
Cuisine — Volailles;;Poulet dur sauce d'arachide;;4000;;;oui;166;DREAM-166;cuisine;non;
Cuisine — Volailles;;Poulet mayo entier;;8000;;;oui;167;DREAM-167;cuisine;non;
Cuisine — Volailles;;Poulet grand-mère;;4000;;;oui;168;DREAM-168;cuisine;non;
Cuisine — Volailles;;Demi-poulet;;3500;;;oui;169;DREAM-169;cuisine;non;
Cuisine — Volailles;;Brochettes de poulet;;3500;;;oui;170;DREAM-170;cuisine;non;
Cuisine — Volailles;;Blanc de poulet;;2500;;;oui;171;DREAM-171;cuisine;non;
Cuisine — Volailles;;Seau de cuisse de poulet pané;;10000;;;oui;172;DREAM-172;cuisine;non;
Cuisine — Viandes;;Viande de bœuf sautée;;3000;;;oui;173;DREAM-173;cuisine;non;
Cuisine — Viandes;;Viande de bœuf sauce arachide;;4000;;;oui;174;DREAM-174;cuisine;non;
Cuisine — Viandes;;Saucisse niçoise sauce blanche;;4000;;;oui;175;DREAM-175;cuisine;non;
Cuisine — Viandes;;Brochette Royal Mix;;3000;;;oui;176;DREAM-176;cuisine;non;
Cuisine — Viandes;;Brochette de viande;;3000;;;oui;177;DREAM-177;cuisine;non;
Grillades — Signature The Dream;;Poulet braisé signature;;7000;;;oui;178;DREAM-178;cuisine;non;
Grillades — Signature The Dream;;Demi-poulet grillade gourmande;;3500;;;oui;179;DREAM-179;cuisine;non;
Grillades — Signature The Dream;;Queue de bœuf grillée premium;;5000;;;oui;180;DREAM-180;cuisine;non;
Grillades — Signature The Dream;;Brochette de viande de bœuf marinée;;3000;;;oui;181;DREAM-181;cuisine;non;
Grillades — Signature The Dream;;Saucisses grillées artisanales;;3500;;;oui;182;DREAM-182;cuisine;non;
Grillades — Signature The Dream;;Porc braisé;;3000;;;oui;183;DREAM-183;cuisine;non;
Grillades — Signature The Dream;;Travers de porc caramélisés;;4000;;;oui;184;DREAM-184;cuisine;non;
Grillades — Signature The Dream;;Ailes de poulet épicées (6 pièces);;3000;;;oui;185;DREAM-185;cuisine;non;
Grillades — Signature The Dream;;Cuisse de poulet grillée signature;;3000;;;oui;186;DREAM-186;cuisine;non;
Grillades — Signature The Dream;;Cuisse de poulet marinade;;4000;;;oui;187;DREAM-187;cuisine;non;
Grillades — Poissons braisés;;Poisson Bar;;3500;;;oui;188;DREAM-188;cuisine;non;
Grillades — Poissons braisés;;Poisson Likuf;;4000;;;oui;189;DREAM-189;cuisine;non;
Grillades — Poissons braisés;;Poisson Sole;;4000;;;oui;190;DREAM-190;cuisine;non;
Grillades — Poissons braisés;;Poisson Carpe;;2500;;;oui;191;DREAM-191;cuisine;non;
Grillades — Poissons braisés;;Poisson Silure;;2500;;;oui;192;DREAM-192;cuisine;non;
Grillades — Poissons braisés;;Poisson Capitaine;;3000;;;oui;193;DREAM-193;cuisine;non;
Grillades — Poissons braisés;;Poisson Jurel;;2500;;;oui;194;DREAM-194;cuisine;non;
Cuisine — Omelettes;;Omelette composée;;2000;;;oui;195;DREAM-195;cuisine;non;
Cuisine — Omelettes;;Omelette fromage;;2500;;;oui;196;DREAM-196;cuisine;non;
Cuisine — Omelettes;;Omelette Jambon;;3000;;;oui;197;DREAM-197;cuisine;non;
Cuisine — Omelettes;;Omelette baveuse à l'Italienne;;3000;;;oui;198;DREAM-198;cuisine;non;
Cuisine — Sandwichs;;Sandwich poulet;Pain garni de poulet grillé, mayonnaise, salade, tomate.;1000;;;oui;199;DREAM-199;cuisine;non;
Cuisine — Sandwichs;;Sandwich viande;Pain garni de viande grillée ou hachée, oignons, sauce et salade.;1000;;;oui;200;DREAM-200;cuisine;non;
Cuisine — Sandwichs;;Sandwich Nature;Pain garni de fromage, beurre, salade, tomate.;1000;;;oui;201;DREAM-201;cuisine;non;
Cuisine — Sandwichs;;"Sandwich spécial ""signature""";;1500;;;oui;202;DREAM-202;cuisine;non;
Cuisine — Sandwichs;;Sandwich spécial du chef;;2000;;;oui;203;DREAM-203;cuisine;non;
Cuisine — Pâtes;;Spaghetti composé;Pâtes légèrement assaisonnées à la sauce maison.;1500;;;oui;204;DREAM-204;cuisine;non;
Cuisine — Pâtes;;Spaghetti bolognaise;Pâtes à la sauce tomate avec viande hachée, recette classique et savoureuse.;3000;;;oui;205;DREAM-205;cuisine;non;
Cuisine — Pâtes;;Pasta Italiano;Pâtes à la sauce légère façon italienne.;2500;;;oui;206;DREAM-206;cuisine;non;
Cuisine — Pâtes;;Spaghetti à la viande hachée;Pâtes servies avec viande hachée bien assaisonnée.;2500;;;oui;207;DREAM-207;cuisine;non;
Cuisine — Pâtes;;Spaghetti au poulet haché;Pâtes avec poulet haché sauté et sauce maison.;2000;;;oui;208;DREAM-208;cuisine;non;
Cuisine — Pâtes;;Spaghetti Nowane aux crevettes;;3500;;;oui;209;DREAM-209;cuisine;non;
Dimanche — Maboké;;Maboké de silure;Poisson silure cuit en feuilles, goût riche et naturel.;3500;;;oui;210;DREAM-210;cuisine;non;
Dimanche — Maboké;;Maboké de zombo;Recette traditionnelle à base de viande locale en feuilles.;3000;;;oui;211;DREAM-211;cuisine;non;
Dimanche — Grillades;;Poisson mix à la braise;;4000;;;oui;212;DREAM-212;cuisine;non;
Dimanche — Grillades;;Brochette de poisson;;2500;;;oui;213;DREAM-213;cuisine;non;
Dimanche — Grillades;;Brochette de viande fraîche;;2500;;;oui;214;DREAM-214;cuisine;non;
Dimanche — Bouillons;;Bouillon de ngulu;;3500;;;oui;215;DREAM-215;cuisine;non;
Dimanche — Bouillons;;Bouillon de poisson au choix;;3000;;;oui;216;DREAM-216;cuisine;non;
Dimanche — Bouillons;;Bouillon de gazelle;;3500;;;oui;217;DREAM-217;cuisine;non;
Accompagnements;;Riz blanc;;1000;;;oui;218;DREAM-218;cuisine;non;
Accompagnements;;Riz sauté;;1500;;;oui;219;DREAM-219;cuisine;non;
Accompagnements;;Banane plantain frite;;1000;;;oui;220;DREAM-220;cuisine;non;
Accompagnements;;Chikwangue / Mayaka;;500;;;oui;221;DREAM-221;cuisine;non;
Accompagnements;;Manioc;;500;;;oui;222;DREAM-222;cuisine;non;
Accompagnements;;Foufou;;500;;;oui;223;DREAM-223;cuisine;non;
Accompagnements;;Pain;;500;;;oui;224;DREAM-224;cuisine;non;
Accompagnements;;Frites de pomme de terre;;;;;non;225;DREAM-225;cuisine;non;Tarifs contradictoires 1 000 / 1 500 XAF
